광역시도,행정구,행정동,2023년 하반기,2024년 상반기,증감률
부산광역시,해운대구,부산광역시,"54,769","54,166",-1.1%
부산광역시,해운대구,┗ 해운대구,"5,443","5,365",-1.44%
부산광역시,해운대구,┗ 우1동,673,653,-3.02%
부산광역시,해운대구,┗ 우2동,411,415,0.81%
부산광역시,해운대구,┗ 우3동,263,253,-3.68%
부산광역시,해운대구,┗ 중1동,725,729,0.46%
부산광역시,해운대구,┗ 중2동,227,222,-2.13%
부산광역시,해운대구,┗ 좌1동,570,571,0.15%
부산광역시,해운대구,┗ 좌2동,324,322,-0.41%
부산광역시,해운대구,┗ 좌3동,87,80,-7.51%
부산광역시,해운대구,┗ 좌4동,105,98,-5.9%
부산광역시,해운대구,┗ 송정동,269,269,-0.12%
부산광역시,해운대구,┗ 반여1동,341,335,-1.91%
부산광역시,해운대구,┗ 반여2동,174,171,-2.2%
부산광역시,해운대구,┗ 반여3동,90,87,-3.33%
부산광역시,해운대구,┗ 반여4동,33,33,0%
부산광역시,해운대구,┗ 반송1동,240,231,-3.82%
부산광역시,해운대구,┗ 반송2동,206,199,-3.31%
부산광역시,해운대구,┗ 재송1동,434,434,0.08%
부산광역시,해운대구,┗ 재송2동,272,264,-2.88%
