column,category
기준년월,key
행정동코드,key
행정동명,key
평균주거인구수_male,gender_male
평균주거인구수_female,gender_female
평균직장인구수_male,gender_male
평균직장인구수_female,gender_female
평균방문인구수_male,gender_male
평균방문인구수_female,gender_female
평균이용금액_male,gender_male
평균이용금액_female,gender_female
평균이용건수_male,gender_male
평균이용건수_female,gender_female
방문인구_00,hourly_visit
방문인구_01,hourly_visit
방문인구_02,hourly_visit
방문인구_03,hourly_visit
방문인구_04,hourly_visit
방문인구_05,hourly_visit
방문인구_06,hourly_visit
방문인구_07,hourly_visit
방문인구_08,hourly_visit
방문인구_09,hourly_visit
방문인구_10,hourly_visit
방문인구_11,hourly_visit
방문인구_12,hourly_visit
방문인구_13,hourly_visit
방문인구_14,hourly_visit
방문인구_15,hourly_visit
방문인구_16,hourly_visit
방문인구_17,hourly_visit
방문인구_18,hourly_visit
방문인구_19,hourly_visit
방문인구_20,hourly_visit
방문인구_21,hourly_visit
방문인구_22,hourly_visit
방문인구_23,hourly_visit
주거인구_00,hourly_home
주거인구_01,hourly_home
주거인구_02,hourly_home
주거인구_03,hourly_home
주거인구_04,hourly_home
주거인구_05,hourly_home
주거인구_06,hourly_home
주거인구_07,hourly_home
주거인구_08,hourly_home
주거인구_09,hourly_home
주거인구_10,hourly_home
주거인구_11,hourly_home
주거인구_12,hourly_home
주거인구_13,hourly_home
주거인구_14,hourly_home
주거인구_15,hourly_home
주거인구_16,hourly_home
주거인구_17,hourly_home
주거인구_18,hourly_home
주거인구_19,hourly_home
주거인구_20,hourly_home
주거인구_21,hourly_home
주거인구_22,hourly_home
주거인구_23,hourly_home
직장인구_00,hourly_work
직장인구_01,hourly_work
직장인구_02,hourly_work
직장인구_03,hourly_work
직장인구_04,hourly_work
직장인구_05,hourly_work
직장인구_06,hourly_work
직장인구_07,hourly_work
직장인구_08,hourly_work
직장인구_09,hourly_work
직장인구_10,hourly_work
직장인구_11,hourly_work
직장인구_12,hourly_work
직장인구_13,hourly_work
직장인구_14,hourly_work
직장인구_15,hourly_work
직장인구_16,hourly_work
직장인구_17,hourly_work
직장인구_18,hourly_work
직장인구_19,hourly_work
직장인구_20,hourly_work
직장인구_21,hourly_work
직장인구_22,hourly_work
직장인구_23,hourly_work
이용건수_00,hourly_trx_cnt
이용건수_01,hourly_trx_cnt
이용건수_02,hourly_trx_cnt
이용건수_03,hourly_trx_cnt
이용건수_04,hourly_trx_cnt
이용건수_05,hourly_trx_cnt
이용건수_06,hourly_trx_cnt
이용건수_07,hourly_trx_cnt
이용건수_08,hourly_trx_cnt
이용건수_09,hourly_trx_cnt
이용건수_10,hourly_trx_cnt
이용건수_11,hourly_trx_cnt
이용건수_12,hourly_trx_cnt
이용건수_13,hourly_trx_cnt
이용건수_14,hourly_trx_cnt
이용건수_15,hourly_trx_cnt
이용건수_16,hourly_trx_cnt
이용건수_17,hourly_trx_cnt
이용건수_18,hourly_trx_cnt
이용건수_19,hourly_trx_cnt
이용건수_20,hourly_trx_cnt
이용건수_21,hourly_trx_cnt
이용건수_22,hourly_trx_cnt
이용건수_23,hourly_trx_cnt
이용금액_00,hourly_trx_amt
이용금액_01,hourly_trx_amt
이용금액_02,hourly_trx_amt
이용금액_03,hourly_trx_amt
이용금액_04,hourly_trx_amt
이용금액_05,hourly_trx_amt
이용금액_06,hourly_trx_amt
이용금액_07,hourly_trx_amt
이용금액_08,hourly_trx_amt
이용금액_09,hourly_trx_amt
이용금액_10,hourly_trx_amt
이용금액_11,hourly_trx_amt
이용금액_12,hourly_trx_amt
이용금액_13,hourly_trx_amt
이용금액_14,hourly_trx_amt
이용금액_15,hourly_trx_amt
이용금액_16,hourly_trx_amt
이용금액_17,hourly_trx_amt
이용금액_18,hourly_trx_amt
이용금액_19,hourly_trx_amt
이용금액_20,hourly_trx_amt
이용금액_21,hourly_trx_amt
이용금액_22,hourly_trx_amt
이용금액_23,hourly_trx_amt
amt_under20,age_amt
amt_20s,age_amt
amt_30s,age_amt
amt_40s,age_amt
amt_50s,age_amt
amt_60s,age_amt
amt_over70,age_amt
cnt_under20,age_cnt
cnt_20s,age_cnt
cnt_30s,age_cnt
cnt_40s,age_cnt
cnt_50s,age_cnt
cnt_60s,age_cnt
cnt_over70,age_cnt
