행정동,행정동코드,대형마트_개수
가야2동,2105072,1
감만2동,2107063,1
감전동,2115065,1
거제1동,2113051,1
거제2동,2113052,1
괘법동,2115057,3
괴정1동,2110051,1
괴정3동,2110053,2
구서1동,2111069,1
금곡동,2108054,1
기장읍,2131011,4
남산동,2111068,1
남천1동,2114051,1
다대1동,2110062,2
다대2동,2110063,1
당감2동,2105068,1
대저2동,2112052,3
덕천2동,2108057,2
망미2동,2114055,1
명륜동,2106065,1
명지1동,2112059,1
문현2동,2107067,3
반여1동,2109070,1
범일2동,2103066,1
범천1동,2105077,1
봉래1동,2104059,1
부암1동,2105064,2
부암3동,2105066,1
부전1동,2105082,1
부전2동,2105052,6
수민동,2106051,1
신평2동,2110059,1
양정1동,2105056,1
엄궁동,2115064,1
연산1동,2113055,1
연산2동,2113056,1
연산9동,2113063,1
온천1동,2106055,3
온천2동,2106056,3
용호1동,2107057,1
용호2동,2107058,1
우2동,2109074,3
우3동,2109075,2
일광면,2131031,1
장림1동,2110060,1
장림2동,2110061,3
장안읍,2131012,2
장전2동,2111074,1
전포1동,2105083,4
정관읍,2131013,2
좌1동,2109066,2
중1동,2109053,5
중앙동,2101051,3
청룡노포동,2111067,1
충무동,2102064,1
하단2동,2110057,1
화명3동,2108063,1
