행정동명,행정동코드,음식점수
가덕도동,26440580,102
가락동,26440550,52
가야1동,26230710,210
가야2동,26230720,223
감만1동,26290620,47
감만2동,26290630,47
감전동,26530645,349
감천1동,26380620,209
감천2동,26380630,67
강동동,26440530,72
개금1동,26230740,384
개금2동,26230750,65
개금3동,26230760,143
거제1동,26470610,298
거제2동,26470620,141
거제3동,26470630,236
거제4동,26470640,21
광복동,26110570,230
광안1동,26500760,368
광안2동,26500770,494
광안3동,26500780,351
광안4동,26500790,135
괘법동,26530620,854
괴정1동,26380510,285
괴정2동,26380520,78
괴정3동,26380530,197
괴정4동,26380540,118
구서1동,26410680,352
구서2동,26410690,243
구평동,26380610,80
구포1동,26320510,450
구포2동,26320520,213
구포3동,26320521,178
금곡동,26320530,184
금사회동동,26410555,149
금성동,26410700,97
기장읍,26710250,1225
남부민1동,26140650,41
남부민2동,26140660,51
남산동,26410670,404
남천1동,26500660,519
남천2동,26500670,161
남포동,26110580,437
남항동,26200530,523
녹산동,26440560,811
다대1동,26380601,493
다대2동,26380602,226
당감1동,26230670,299
당감2동,26230680,72
당감4동,26230700,179
당리동,26380550,404
대연1동,26290510,332
대연3동,26290530,877
대연4동,26290540,126
대연5동,26290550,258
대연6동,26290560,102
대저1동,26440510,154
대저2동,26440520,214
대청동,26110530,97
덕천1동,26320550,180
덕천2동,26320560,536
덕천3동,26320561,53
덕포1동,26530600,206
덕포2동,26530610,170
동광동,26110520,114
동대신1동,26140510,54
동대신2동,26140520,113
동대신3동,26140530,133
동삼1동,26200650,326
동삼2동,26200660,144
동삼3동,26200670,39
만덕1동,26320571,95
만덕2동,26320572,230
만덕3동,26320573,136
망미1동,26500740,243
망미2동,26500750,123
명륜동,26260545,642
명장1동,26260761,183
명장2동,26260762,81
명지1동,26440535,1023
명지2동,26440545,345
모라1동,26530591,413
모라3동,26530593,26
문현1동,26290680,83
문현2동,26290690,167
문현3동,26290700,140
문현4동,26290710,112
민락동,26500800,823
반송1동,26350610,221
반송2동,26350620,201
반여1동,26350570,328
반여2동,26350580,170
반여3동,26350590,82
반여4동,26350595,33
범일1동,26170650,99
범일2동,26170660,497
범일5동,26170680,30
범천1동,26230770,349
범천2동,26230780,112
보수동,26110545,123
복산동,26260520,122
봉래1동,26200590,151
봉래2동,26200605,22
부곡1동,26410570,95
부곡2동,26410580,137
부곡3동,26410590,232
부곡4동,26410591,127
부민동,26140590,160
부암1동,26230640,144
부암3동,26230660,138
부전1동,26230510,896
부전2동,26230520,1353
부평동,26110560,655
사직1동,26260580,253
사직2동,26260590,305
사직3동,26260600,228
삼락동,26530580,134
서1동,26410510,33
서2동,26410520,149
서3동,26410530,274
서대신1동,26140540,158
서대신3동,26140560,71
서대신4동,26140570,87
선두구동,26410635,71
송정동,26350560,258
수민동,26260510,367
수영동,26500730,384
수정1동,26170560,46
수정2동,26170570,317
수정4동,26170590,20
수정5동,26170600,14
신선동,26200585,26
신평1동,26380571,216
신평2동,26380572,183
아미동,26140615,62
안락1동,26260740,394
안락2동,26260750,378
암남동,26140680,274
양정1동,26230560,350
양정2동,26230570,216
엄궁동,26530680,184
연산1동,26470650,320
연산2동,26470660,228
연산3동,26470670,54
연산4동,26470680,570
연산5동,26470690,626
연산6동,26470700,160
연산8동,26470720,165
연산9동,26470730,403
연지동,26230540,140
영선1동,26200540,146
영선2동,26200550,85
영주1동,26110590,62
영주2동,26110600,28
온천1동,26260550,582
온천2동,26260560,291
온천3동,26260570,338
용당동,26290610,82
용호1동,26290570,423
용호2동,26290580,158
용호3동,26290590,142
용호4동,26290600,75
우1동,26350510,619
우2동,26350520,427
우3동,26350525,256
우암동,26290645,79
일광읍,26710259,583
장림1동,26380580,258
장림2동,26380590,240
장안읍,26710253,304
장전1동,26410600,365
장전2동,26410610,722
재송1동,26350650,439
재송2동,26350660,246
전포1동,26230600,808
전포2동,26230610,425
정관읍,26710256,991
좌1동,26350551,568
좌2동,26350552,307
좌3동,26350553,75
좌4동,26350554,102
좌천동,26170645,53
주례1동,26530650,119
주례2동,26530660,296
주례3동,26530661,175
중1동,26350530,769
중2동,26350540,215
중앙동,26110510,556
철마면,26710330,95
청룡노포동,26410665,137
청학1동,26200630,37
청학2동,26200640,140
초량1동,26170510,156
초량2동,26170520,300
초량3동,26170530,305
초량6동,26170550,29
초읍동,26230550,305
초장동,26140630,12
충무동,26140640,291
하단1동,26380561,315
하단2동,26380562,764
학장동,26530670,245
화명1동,26320541,143
화명2동,26320542,140
화명3동,26320543,501
