행정동,2023년 하반기,2024년 상반기,증감률
대저1동,157,156,-0.43%
대저2동,197,198,0.51%
강동동,70,71,0.71%
명지1동,992,"1,011",1.86%
명지2동,384,380,-1.17%
가락동,53,52,-1.88%
녹산동,706,703,-0.54%
가덕도동,92,93,2%
대연1동,346,340,-1.92%
대연3동,933,920,-1.34%
대연4동,138,134,-2.78%
대연5동,251,250,-0.46%
대연6동,108,104,-3.4%
용호1동,419,431,2.99%
용호2동,150,152,1.33%
용호3동,151,151,-0.44%
용호4동,81,79,-2.07%
용당동,89,86,-2.63%
감만1동,82,61,-26.32%
감만2동,54,49,-8.95%
우암동,71,73,2.35%
문현1동,94,92,-1.95%
문현2동,174,169,-2.97%
문현3동,150,147,-1.9%
문현4동,110,111,1.67%
삼락동,148,143,-3.39%
모라1동,440,429,-2.31%
모라3동,26,26,-2.55%
덕포1동,200,203,1.16%
덕포2동,179,170,-5.13%
괘법동,851,847,-0.49%
감전동,365,356,-2.51%
주례1동,121,121,0%
주례2동,333,327,-1.75%
주례3동,175,176,0.57%
학장동,264,252,-4.85%
엄궁동,225,207,-8.06%
남천1동,517,515,-0.35%
남천2동,160,162,1.25%
수영동,376,375,-0.27%
망미1동,258,248,-3.94%
망미2동,127,127,0.66%
광안1동,367,363,-1.18%
광안2동,458,465,1.6%
광안3동,358,352,-1.63%
광안4동,131,131,-0.13%
민락동,769,783,1.8%
구포1동,464,457,-1.44%
구포2동,224,217,-3.27%
구포3동,190,186,-1.93%
금곡동,178,177,-0.28%
화명1동,156,153,-1.81%
화명2동,146,141,-3.32%
화명3동,522,521,-0.16%
덕천1동,203,194,-4.43%
덕천2동,564,560,-0.83%
덕천3동,70,64,-9%
만덕1동,92,87,-5.44%
만덕2동,226,222,-1.55%
만덕3동,146,139,-4.79%
중앙동,536,531,-0.84%
동광동,131,131,-0.38%
대청동,99,98,-1.51%
보수동,113,117,3.85%
부평동,672,669,-0.5%
광복동,230,231,0.29%
남포동,470,460,-2.06%
영주1동,66,66,0.76%
영주2동,28,28,-0.6%
서1동,41,38,-5.35%
서2동,153,151,-1.52%
서3동,286,285,-0.12%
금사회동동,152,152,-0.55%
부곡1동,98,94,-4.07%
부곡2동,137,136,-0.73%
부곡3동,237,231,-2.46%
부곡4동,143,141,-1.4%
장전1동,370,371,0.27%
장전2동,798,780,-2.21%
선두구동,86,82,-4.65%
청룡노포동,141,140,-1.06%
남산동,443,433,-2.29%
구서1동,351,352,0.33%
구서2동,256,252,-1.82%
금성동,102,101,-0.66%
거제1동,293,291,-0.74%
거제2동,112,107,-4.17%
거제3동,229,224,-2.25%
거제4동,25,25,-0.67%
연산1동,328,323,-1.62%
연산2동,225,226,0.45%
연산3동,57,55,-3.51%
연산4동,578,567,-2.02%
연산5동,630,633,0.48%
연산6동,165,161,-2.52%
연산8동,184,176,-4.09%
연산9동,407,399,-2.05%
수민동,371,361,-2.47%
복산동,133,129,-2.51%
명륜동,653,646,-1%
온천1동,616,610,-1.03%
온천2동,273,276,1.04%
온천3동,364,353,-3.16%
사직1동,255,256,0.46%
사직2동,302,296,-2.21%
사직3동,233,232,-0.22%
안락1동,399,387,-2.84%
안락2동,385,380,-1.17%
명장1동,205,200,-2.6%
명장2동,87,87,-0.57%
괴정1동,289,288,-0.17%
괴정2동,87,87,-0.76%
괴정3동,199,194,-2.35%
괴정4동,126,126,-0.4%
당리동,429,417,-2.83%
하단1동,319,318,-0.42%
하단2동,797,782,-1.88%
신평1동,219,215,-2.05%
신평2동,190,187,-1.23%
장림1동,250,245,-2.2%
장림2동,250,244,-2.27%
다대1동,533,520,-2.35%
다대2동,241,239,-0.69%
구평동,78,78,-0.43%
감천1동,213,214,0.31%
감천2동,67,68,0.25%
동대신1동,61,62,1.64%
동대신2동,117,112,-4.14%
동대신3동,144,135,-5.9%
서대신1동,159,159,-0.1%
서대신3동,74,73,-0.9%
서대신4동,87,82,-4.82%
부민동,167,164,-1.89%
아미동,72,69,-4.18%
초장동,12,12,4.35%
충무동,310,308,-0.75%
남부민1동,43,40,-8.08%
남부민2동,57,54,-4.71%
암남동,279,277,-0.48%
초량1동,157,161,2.77%
초량2동,314,308,-1.75%
초량3동,306,304,-0.49%
초량6동,32,33,1.03%
수정1동,46,45,-1.46%
수정2동,345,339,-1.74%
수정4동,19,18,0%
수정5동,13,12,-4%
좌천동,59,58,-1.7%
범일1동,107,105,-2.64%
범일2동,499,492,-1.3%
범일5동,26,27,1.9%
부전1동,885,872,-1.47%
부전2동,"1,396","1,379",-1.19%
연지동,153,150,-1.74%
초읍동,297,295,-0.79%
양정1동,370,363,-2.07%
양정2동,218,220,1.15%
전포1동,792,815,2.82%
전포2동,402,403,0.46%
부암1동,148,149,0.56%
부암3동,145,145,-0.23%
당감1동,309,305,-1.24%
당감2동,74,73,-1.58%
당감4동,179,174,-3.16%
가야1동,269,253,-6%
가야2동,224,232,3.34%
개금1동,379,375,-1.06%
개금2동,72,68,-4.64%
개금3동,161,154,-4.25%
범천1동,351,347,-1%
범천2동,114,111,-2.06%
우1동,673,653,-3.02%
우2동,411,415,0.81%
우3동,263,253,-3.68%
중1동,725,729,0.46%
중2동,227,222,-2.13%
좌1동,570,571,0.15%
좌2동,324,322,-0.41%
좌3동,87,80,-7.51%
좌4동,105,98,-5.9%
송정동,269,269,-0.12%
반여1동,341,335,-1.91%
반여2동,174,171,-2.2%
반여3동,90,87,-3.33%
반여4동,33,33,0%
반송1동,240,231,-3.82%
반송2동,206,199,-3.31%
재송1동,434,434,0.08%
재송2동,272,264,-2.88%
기장읍,"1,234","1,225",-0.69%
장안읍,282,282,0.06%
정관읍,"1,058","1,048",-0.93%
일광읍,526,546,3.77%
철마면,103,102,-0.81%
남항동,545,540,-0.89%
영선1동,155,153,-1.29%
영선2동,84,85,1.79%
신선동,26,26,2.61%
봉래1동,156,153,-1.93%
봉래2동,16,16,1.05%
청학1동,35,38,7.66%
청학2동,154,152,-1.3%
동삼1동,316,321,1.47%
동삼2동,150,153,2%
동삼3동,37,34,-6.36%
